{
"lengthUnit": "mil",
"components": {
	"fields": ["COMPONENT_NO", "COMPONENT_NAME", "LAYER", "X_COORDINATE", "Y_COORDINATE", "ANGLE"],
	"rows": [
		[1, "BUZZER1", "B", 15, -2625, 90],
		[2, "C1", "B", -1850, -3790, 270],
		[3, "C2", "B", -1985, -4000, 180],
		[4, "C3", "B", -2080, -3745, 270],
		[5, "C10", "B", -590, -3100, 270],
		[6, "C11", "B", -590, -3225, 270],
		[7, "C12", "B", -875, -3110, 180],
		[8, "C13", "B", -875, -3290, 180],
		[9, "C14", "B", -875, -3360, 180],
		[10, "C15", "T", -1140, -3505, 90],
		[11, "C16", "B", -1625, -3675, 90],
		[12, "C17", "B", -1860, -2915, 0],
		[13, "C18", "B", -1155, -2750, 0],
		[14, "C19", "B", -1555, -3675, 90],
		[15, "C20", "B", -1860, -2985, 0],
		[16, "C22", "B", -1165, -3700, 90],
		[17, "C24", "B", -1335, -3605, 90],
		[18, "C32", "B", -714.61, -3989.12, 90],
		[19, "C33", "B", -920, -3900, 0],
		[20, "C34", "B", -920, -3830, 0],
		[21, "C35", "B", -1090, -3690, 90],
		[22, "C37", "B", -1365, -2410, 180],
		[23, "C38", "T", -2035, -3940, 180],
		[24, "C39", "T", -1580, -3925, 180],
		[25, "C40", "T", -685, -3510, 180],
		[26, "C41", "T", -915, -4135, 180],
		[27, "C43", "B", -2100, -3310, 180],
		[28, "C44", "B", -2245, -3790, 270],
		[29, "C45", "B", -2375, -4000, 180],
		[30, "C46", "B", -2480, -3745, 270],
		[31, "C49", "T", -2570, -2843.44, 90],
		[32, "C50", "T", -2570, -3178.09, 90],
		[33, "C51", "T", -2570, -3512.73, 90],
		[34, "C52", "T", -160, -3184.82, 270],
		[35, "C53", "T", -160, -3519.47, 270],
		[36, "C54", "T", -160, -2850.18, 270],
		[37, "C55", "T", -160, -2515.53, 270],
		[38, "C56", "T", -2570, -2508.8, 90],
		[39, "CN1", "T", -1365, -4525, 0],
		[40, "CN2", "B", -2230, -4530, 180],
		[41, "CN3", "B", -510, -4525, 180],
		[42, "D2", "B", -260, -2635, 270],
		[43, "H1", "T", 60, -3955, 90],
		[44, "LED1", "T", -2690, -4380, 0],
		[45, "LED2", "T", 55, -3515.91, 270],
		[46, "LED3", "T", 55, -3181.27, 270],
		[47, "LED4", "T", 55, -2846.62, 270],
		[48, "LED5", "T", 55, -2511.98, 270],
		[49, "LED6", "T", -2780, -2518.03, 90],
		[50, "LED7", "T", -2780, -2852.68, 90],
		[51, "LED8", "T", -2780, -3187.32, 90],
		[52, "LED9", "T", -2780, -3521.97, 90],
		[53, "Q3", "B", -335, -2470, 180],
		[54, "Q4", "B", -1515, -2345, 180],
		[55, "R4", "T", -135, -4040, 90],
		[56, "R5", "T", -200, -4040, 90],
		[57, "R6", "T", 70, -4405, 0],
		[58, "R7", "B", -2145, -3745, 90],
		[59, "R8", "B", -2145, -3865, 90],
		[60, "R10", "B", -1337.5, -2502.5, 90],
		[61, "R11", "B", -1337.82, -2620.75, 90],
		[62, "R12", "B", -1365, -2345, 0],
		[63, "R13", "B", -1525, -2445, 180],
		[64, "R14", "B", -1525, -2510, 180],
		[65, "R15", "T", -1905, -3940, 180],
		[66, "R16", "T", -1450, -3925, 180],
		[67, "R17", "T", -555, -3510, 180],
		[68, "R18", "T", -915, -4205, 0],
		[69, "R19", "B", -485, -2430, 180],
		[70, "R21", "T", -2870, -4380, 0],
		[71, "R22", "B", -485, -2505, 180],
		[72, "R27", "B", -2545, -3865, 90],
		[73, "R28", "B", -2545, -3745, 90],
		[74, "SW2", "T", -165, -4320, 0],
		[75, "SW3", "T", 65, -4305, 0],
		[76, "U1", "B", -1365, -3175, 270],
		[77, "U2", "B", -1955, -3790, 180],
		[78, "U3", "B", -1365, -3845, 180],
		[79, "U4", "B", -735, -3830, 180],
		[80, "U6", "T", 95, -4582.06, 0],
		[81, "U7", "T", -2820.34, -4582.06, 0],
		[82, "U8", "T", 93.05, -2220, 0],
		[83, "U9", "T", -2820.34, -2219.86, 0],
		[84, "U11", "T", -765, -3115, 90],
		[85, "U12", "T", -1970, -3725, 0],
		[86, "U13", "T", -1525, -3725, 0],
		[87, "U14", "T", -920, -3510, 0],
		[88, "U15", "T", -920, -3955, 0],
		[89, "U16", "T", -2770, -4000, 90],
		[90, "U17", "B", -2170, -3165, 90],
		[91, "U18", "B", -2350, -3790, 180],
		[92, "X1", "B", -475, -3160, 90]
	]
},
"pins": {
	"fields": ["PIN_NO", "PIN_NAME", "PIN_X", "PIN_Y", "LAYER", "PIN_TYPE", "NET_NAME", "NET_TYPE", "PAD_SHAPE", "PAD_SIZEX", "PAD_SIZEY", "HOLE_SIZE", "PAD_ANGLE"],
	"rows": [
		[1, "BUZZER1_1", 15, -2447.82, "B", "SMD", "$1N18033", "", "R", 137.79, 78.74, 0, 90],
		[2, "BUZZER1_2", 15, -2802.18, "B", "SMD", "GND", "GND", "R", 137.79, 78.74, 0, 90],
		[3, "C1_1", -1850, -3750.63, "B", "SMD", "12.6V", "", "R", 55.51, 53.15, 0, 270],
		[4, "C1_2", -1850, -3829.37, "B", "SMD", "GND", "GND", "R", 55.51, 53.15, 0, 270],
		[5, "C2_1", -1945.63, -4000, "B", "SMD", "GND", "GND", "R", 55.51, 53.15, 0, 180],
		[6, "C2_2", -2024.37, -4000, "B", "SMD", "VDD", "", "R", 55.51, 53.15, 0, 180],
		[7, "C3_1", -2080, -3717.44, "B", "SMD", "$1N2697", "", "R", 31.5, 35.43, 0, 270],
		[8, "C3_2", -2080, -3772.56, "B", "SMD", "GND", "GND", "R", 31.5, 35.43, 0, 270],
		[9, "C10_1", -590, -3072.44, "B", "SMD", "GND", "GND", "R", 31.5, 35.43, 0, 270],
		[10, "C10_2", -590, -3127.56, "B", "SMD", "8M_OUT", "", "R", 31.5, 35.43, 0, 270],
		[11, "C11_1", -590, -3197.44, "B", "SMD", "8M_IN", "", "R", 31.5, 35.43, 0, 270],
		[12, "C11_2", -590, -3252.56, "B", "SMD", "GND", "GND", "R", 31.5, 35.43, 0, 270],
		[13, "C12_1", -847.44, -3110, "B", "SMD", "GND", "GND", "R", 31.5, 35.43, 0, 180],
		[14, "C12_2", -902.56, -3110, "B", "SMD", "VDD", "", "R", 31.5, 35.43, 0, 180],
		[15, "C13_1", -847.44, -3290, "B", "SMD", "GND", "GND", "R", 31.5, 35.43, 0, 180],
		[16, "C13_2", -902.56, -3290, "B", "SMD", "VDD", "", "R", 31.5, 35.43, 0, 180],
		[17, "C14_1", -847.44, -3360, "B", "SMD", "GND", "GND", "R", 31.5, 35.43, 0, 180],
		[18, "C14_2", -902.56, -3360, "B", "SMD", "VDD", "", "R", 31.5, 35.43, 0, 180],
		[19, "C15_1", -1140, -3532.56, "T", "SMD", "GND", "GND", "R", 31.5, 35.43, 0, 90],
		[20, "C15_2", -1140, -3477.44, "T", "SMD", "VDD", "", "R", 31.5, 35.43, 0, 90],
		[21, "C16_1", -1625, -3702.56, "B", "SMD", "GND", "GND", "R", 31.5, 35.43, 0, 90],
		[22, "C16_2", -1625, -3647.44, "B", "SMD", "VDD", "", "R", 31.5, 35.43, 0, 90],
		[23, "C17_1", -1887.56, -2915, "B", "SMD", "GND", "GND", "R", 31.5, 35.43, 0, 0],
		[24, "C17_2", -1832.44, -2915, "B", "SMD", "VDD", "", "R", 31.5, 35.43, 0, 0],
		[25, "C18_1", -1182.56, -2750, "B", "SMD", "GND", "GND", "R", 31.5, 35.43, 0, 0],
		[26, "C18_2", -1127.44, -2750, "B", "SMD", "VDD", "", "R", 31.5, 35.43, 0, 0],
		[27, "C19_1", -1555, -3702.56, "B", "SMD", "GND", "GND", "R", 31.5, 35.43, 0, 90],
		[28, "C19_2", -1555, -3647.44, "B", "SMD", "VCAP_1", "", "R", 31.5, 35.43, 0, 90],
		[29, "C20_1", -1887.56, -2985, "B", "SMD", "GND", "GND", "R", 31.5, 35.43, 0, 0],
		[30, "C20_2", -1832.44, -2985, "B", "SMD", "VCAP_2", "", "R", 31.5, 35.43, 0, 0],
		[31, "C22_1", -1165, -3727.56, "B", "SMD", "12.6V", "", "R", 31.5, 35.43, 0, 90],
		[32, "C22_2", -1165, -3672.44, "B", "SMD", "GND", "GND", "R", 31.5, 35.43, 0, 90],
		[33, "C24_1", -1335, -3632.56, "B", "SMD", "VDD", "", "R", 31.5, 35.43, 0, 90],
		[34, "C24_2", -1335, -3577.44, "B", "SMD", "GND", "GND", "R", 31.5, 35.43, 0, 90],
		[35, "C32_1", -714.61, -4016.68, "B", "SMD", "GND", "GND", "R", 31.5, 35.43, 0, 90],
		[36, "C32_2", -714.61, -3961.56, "B", "SMD", "VDD", "", "R", 31.5, 35.43, 0, 90],
		[37, "C33_1", -947.56, -3900, "B", "SMD", "GND", "GND", "R", 31.5, 35.43, 0, 0],
		[38, "C33_2", -892.44, -3900, "B", "SMD", "VDD", "", "R", 31.5, 35.43, 0, 0],
		[39, "C34_1", -947.56, -3830, "B", "SMD", "GND", "GND", "R", 31.5, 35.43, 0, 0],
		[40, "C34_2", -892.44, -3830, "B", "SMD", "VDD", "", "R", 31.5, 35.43, 0, 0],
		[41, "C35_1", -1090, -3756.39, "B", "SMD", "12.6V", "", "R", 69.19, 51.02, 0, 270],
		[42, "C35_2", -1090, -3623.61, "B", "SMD", "GND", "GND", "R", 69.19, 51.02, 0, 270],
		[43, "C37_1", -1337.44, -2410, "B", "SMD", "VDD", "", "R", 31.5, 35.43, 0, 180],
		[44, "C37_2", -1392.56, -2410, "B", "SMD", "GND", "GND", "R", 31.5, 35.43, 0, 180],
		[45, "C38_1", -2007.44, -3940, "T", "SMD", "$1N17448", "", "R", 31.5, 35.43, 0, 180],
		[46, "C38_2", -2062.56, -3940, "T", "SMD", "KEY1", "", "R", 31.5, 35.43, 0, 180],
		[47, "C39_1", -1552.44, -3925, "T", "SMD", "$1N17624", "", "R", 31.5, 35.43, 0, 180],
		[48, "C39_2", -1607.56, -3925, "T", "SMD", "KEY2", "", "R", 31.5, 35.43, 0, 180],
		[49, "C40_1", -657.44, -3510, "T", "SMD", "$1N17748", "", "R", 31.5, 35.43, 0, 180],
		[50, "C40_2", -712.56, -3510, "T", "SMD", "KEY3", "", "R", 31.5, 35.43, 0, 180],
		[51, "C41_1", -887.44, -4135, "T", "SMD", "$1N17872", "", "R", 31.5, 35.43, 0, 180],
		[52, "C41_2", -942.56, -4135, "T", "SMD", "KEY4", "", "R", 31.5, 35.43, 0, 180],
		[53, "C43_1", -2072.44, -3310, "B", "SMD", "VDD", "", "R", 31.5, 35.43, 0, 180],
		[54, "C43_2", -2127.56, -3310, "B", "SMD", "GND", "GND", "R", 31.5, 35.43, 0, 180],
		[55, "C44_1", -2245, -3750.63, "B", "SMD", "12.6V", "", "R", 55.51, 53.15, 0, 270],
		[56, "C44_2", -2245, -3829.37, "B", "SMD", "GND", "GND", "R", 55.51, 53.15, 0, 270],
		[57, "C45_1", -2335.63, -4000, "B", "SMD", "GND", "GND", "R", 55.51, 53.15, 0, 180],
		[58, "C45_2", -2414.37, -4000, "B", "SMD", "5V", "", "R", 55.51, 53.15, 0, 180],
		[59, "C46_1", -2480, -3717.44, "B", "SMD", "$1N32190", "", "R", 31.5, 35.43, 0, 270],
		[60, "C46_2", -2480, -3772.56, "B", "SMD", "GND", "GND", "R", 31.5, 35.43, 0, 270],
		[61, "C49_1", -2570, -2871, "T", "SMD", "5V", "", "R", 31.5, 35.43, 0, 90],
		[62, "C49_2", -2570, -2815.88, "T", "SMD", "GND", "GND", "R", 31.5, 35.43, 0, 90],
		[63, "C50_1", -2570, -3205.65, "T", "SMD", "5V", "", "R", 31.5, 35.43, 0, 90],
		[64, "C50_2", -2570, -3150.53, "T", "SMD", "GND", "GND", "R", 31.5, 35.43, 0, 90],
		[65, "C51_1", -2570, -3540.29, "T", "SMD", "5V", "", "R", 31.5, 35.43, 0, 90],
		[66, "C51_2", -2570, -3485.17, "T", "SMD", "GND", "GND", "R", 31.5, 35.43, 0, 90],
		[67, "C52_1", -160, -3157.26, "T", "SMD", "5V", "", "R", 31.5, 35.43, 0, 270],
		[68, "C52_2", -160, -3212.38, "T", "SMD", "GND", "GND", "R", 31.5, 35.43, 0, 270],
		[69, "C53_1", -160, -3491.91, "T", "SMD", "5V", "", "R", 31.5, 35.43, 0, 270],
		[70, "C53_2", -160, -3547.03, "T", "SMD", "GND", "GND", "R", 31.5, 35.43, 0, 270],
		[71, "C54_1", -160, -2822.62, "T", "SMD", "5V", "", "R", 31.5, 35.43, 0, 270],
		[72, "C54_2", -160, -2877.74, "T", "SMD", "GND", "GND", "R", 31.5, 35.43, 0, 270],
		[73, "C55_1", -160, -2487.97, "T", "SMD", "5V", "", "R", 31.5, 35.43, 0, 270],
		[74, "C55_2", -160, -2543.09, "T", "SMD", "GND", "GND", "R", 31.5, 35.43, 0, 270],
		[75, "C56_1", -2570, -2536.36, "T", "SMD", "5V", "", "R", 31.5, 35.43, 0, 90],
		[76, "C56_2", -2570, -2481.24, "T", "SMD", "GND", "GND", "R", 31.5, 35.43, 0, 90],
		[77, "CN1_1", -1463.42, -4328.15, "T", "DIP", "GND", "GND", "C", 98.42, 98.42, 70.87, 0],
		[78, "CN1_1", -1463.42, -4328.15, "B", "DIP", "GND", "GND", "C", 98.42, 98.42, 70.87, 0],
		[79, "CN1_2", -1266.58, -4328.15, "T", "DIP", "12.6V_IN", "", "C", 98.42, 98.42, 70.87, 0],
		[80, "CN1_2", -1266.58, -4328.15, "B", "DIP", "12.6V_IN", "", "C", 98.42, 98.42, 70.87, 0],
		[81, "CN1_3", -1148.46, -4721.85, "T", "DIP", "GND", "GND", "C", 70.87, 70.87, 43.31, 0],
		[82, "CN1_3", -1148.46, -4721.85, "B", "DIP", "GND", "GND", "C", 70.87, 70.87, 43.31, 0],
		[83, "CN1_4", -1581.54, -4721.85, "T", "DIP", "GND", "GND", "C", 70.87, 70.87, 43.31, 0],
		[84, "CN1_4", -1581.54, -4721.85, "B", "DIP", "GND", "GND", "C", 70.87, 70.87, 43.31, 0],
		[85, "CN2_1", -1983.93, -4394.66, "B", "SMD", "BO1", "", "R", 51.18, 173.23, 0, 180],
		[86, "CN2_2", -2082.36, -4394.66, "B", "SMD", "5V", "", "R", 51.18, 173.23, 0, 180],
		[87, "CN2_3", -2180.78, -4394.66, "B", "SMD", "E2B", "", "R", 51.18, 173.23, 0, 180],
		[88, "CN2_4", -2279.2, -4394.66, "B", "SMD", "E2A", "", "R", 51.18, 173.23, 0, 180],
		[89, "CN2_5", -2377.63, -4394.66, "B", "SMD", "GND", "GND", "R", 51.18, 173.23, 0, 180],
		[90, "CN2_6", -2476.06, -4394.66, "B", "SMD", "BO2", "", "R", 51.18, 173.23, 0, 180],
		[91, "CN2_7", -1869.76, -4665.34, "B", "SMD", "GND", "GND", "R", 70.87, 151.57, 0, 180],
		[92, "CN2_8", -2590.24, -4665.34, "B", "SMD", "GND", "GND", "R", 70.87, 151.57, 0, 180],
		[93, "CN3_1", -263.94, -4389.66, "B", "SMD", "AO2", "", "R", 51.18, 173.23, 0, 180],
		[94, "CN3_2", -362.36, -4389.66, "B", "SMD", "5V", "", "R", 51.18, 173.23, 0, 180],
		[95, "CN3_3", -460.78, -4389.66, "B", "SMD", "E1B", "", "R", 51.18, 173.23, 0, 180],
		[96, "CN3_4", -559.2, -4389.66, "B", "SMD", "E1A", "", "R", 51.18, 173.23, 0, 180],
		[97, "CN3_5", -657.63, -4389.66, "B", "SMD", "GND", "GND", "R", 51.18, 173.23, 0, 180],
		[98, "CN3_6", -756.06, -4389.66, "B", "SMD", "AO1", "", "R", 51.18, 173.23, 0, 180],
		[99, "CN3_7", -149.77, -4660.34, "B", "SMD", "GND", "GND", "R", 70.87, 151.57, 0, 180],
		[100, "CN3_8", -870.24, -4660.34, "B", "SMD", "GND", "GND", "R", 70.87, 151.57, 0, 180],
		[101, "D2_1", -260, -2572, "B", "SMD", "$1N18033", "", "R", 47.24, 47.24, 0, 270],
		[102, "D2_2", -260, -2698, "B", "SMD", "GND", "GND", "R", 47.24, 47.24, 0, 270],
		[103, "H1_1", 110, -4105, "T", "DIP", "VDD", "", "R", 66.93, 66.93, 43.31, 90],
		[104, "H1_1", 110, -4105, "B", "DIP", "VDD", "", "R", 66.93, 66.93, 43.31, 90],
		[105, "H1_2", 10, -4105, "T", "DIP", "GND", "GND", "C", 66.93, 66.93, 43.31, 90],
		[106, "H1_2", 10, -4105, "B", "DIP", "GND", "GND", "C", 66.93, 66.93, 43.31, 90],
		[107, "H1_3", 110, -4005, "T", "DIP", "SWCLK", "", "C", 66.93, 66.93, 43.31, 90],
		[108, "H1_3", 110, -4005, "B", "DIP", "SWCLK", "", "C", 66.93, 66.93, 43.31, 90],
		[109, "H1_4", 10, -4005, "T", "DIP", "MCU_TX", "", "C", 66.93, 66.93, 43.31, 90],
		[110, "H1_4", 10, -4005, "B", "DIP", "MCU_TX", "", "C", 66.93, 66.93, 43.31, 90],
		[111, "H1_5", 110, -3905, "T", "DIP", "GND", "GND", "C", 66.93, 66.93, 43.31, 90],
		[112, "H1_5", 110, -3905, "B", "DIP", "GND", "GND", "C", 66.93, 66.93, 43.31, 90],
		[113, "H1_6", 10, -3905, "T", "DIP", "MCU_RX", "", "C", 66.93, 66.93, 43.31, 90],
		[114, "H1_6", 10, -3905, "B", "DIP", "MCU_RX", "", "C", 66.93, 66.93, 43.31, 90],
		[115, "H1_7", 110, -3805, "T", "DIP", "SWDIO", "", "C", 66.93, 66.93, 43.31, 90],
		[116, "H1_7", 110, -3805, "B", "DIP", "SWDIO", "", "C", 66.93, 66.93, 43.31, 90],
		[117, "H1_8", 10, -3805, "T", "DIP", "H1_8", "", "C", 66.93, 66.93, 43.31, 90],
		[118, "H1_8", 10, -3805, "B", "DIP", "H1_8", "", "C", 66.93, 66.93, 43.31, 90],
		[119, "LED1_1", -2648.65, -4380, "T", "SMD", "VDD", "", "R", 39.37, 55.1, 0, 180],
		[120, "LED1_2", -2731.35, -4380, "T", "SMD", "$1N18769", "", "R", 39.37, 55.1, 0, 180],
		[121, "LED2_1", -43.42, -3456.86, "T", "SMD", "5V", "", "R", 59.05, 39.37, 0, 0],
		[122, "LED2_2", -43.43, -3574.96, "T", "SMD", "$1N32929", "", "R", 59.05, 39.37, 0, 0],
		[123, "LED2_3", 153.42, -3574.96, "T", "SMD", "GND", "GND", "R", 59.05, 39.37, 0, 0],
		[124, "LED2_4", 153.42, -3456.86, "T", "SMD", "WS2812B", "", "R", 59.05, 39.37, 0, 0],
		[125, "LED3_1", -43.42, -3122.22, "T", "SMD", "5V", "", "R", 59.05, 39.37, 0, 0],
		[126, "LED3_2", -43.42, -3240.32, "T", "SMD", "$1N36367", "", "R", 59.05, 39.37, 0, 0],
		[127, "LED3_3", 153.42, -3240.32, "T", "SMD", "GND", "GND", "R", 59.05, 39.37, 0, 0],
		[128, "LED3_4", 153.42, -3122.22, "T", "SMD", "$1N32929", "", "R", 59.05, 39.37, 0, 0],
		[129, "LED4_1", -43.42, -2787.57, "T", "SMD", "5V", "", "R", 59.05, 39.37, 0, 0],
		[130, "LED4_2", -43.42, -2905.67, "T", "SMD", "$1N36433", "", "R", 59.05, 39.37, 0, 0],
		[131, "LED4_3", 153.42, -2905.67, "T", "SMD", "GND", "GND", "R", 59.05, 39.37, 0, 0],
		[132, "LED4_4", 153.42, -2787.57, "T", "SMD", "$1N36367", "", "R", 59.05, 39.37, 0, 0],
		[133, "LED5_1", -43.42, -2452.93, "T", "SMD", "5V", "", "R", 59.05, 39.37, 0, 0],
		[134, "LED5_2", -43.42, -2571.03, "T", "SMD", "$1N36771", "", "R", 59.05, 39.37, 0, 0],
		[135, "LED5_3", 153.42, -2571.03, "T", "SMD", "GND", "GND", "R", 59.05, 39.37, 0, 0],
		[136, "LED5_4", 153.42, -2452.93, "T", "SMD", "$1N36433", "", "R", 59.05, 39.37, 0, 0],
		[137, "LED6_1", -2681.58, -2577.08, "T", "SMD", "5V", "", "R", 59.05, 39.37, 0, 180],
		[138, "LED6_2", -2681.58, -2458.98, "T", "SMD", "$1N36565", "", "R", 59.05, 39.37, 0, 180],
		[139, "LED6_3", -2878.42, -2458.98, "T", "SMD", "GND", "GND", "R", 59.05, 39.37, 0, 180],
		[140, "LED6_4", -2878.42, -2577.08, "T", "SMD", "$1N36771", "", "R", 59.05, 39.37, 0, 180],
		[141, "LED7_1", -2681.58, -2911.73, "T", "SMD", "5V", "", "R", 59.05, 39.37, 0, 180],
		[142, "LED7_2", -2681.58, -2793.63, "T", "SMD", "$1N36631", "", "R", 59.05, 39.37, 0, 180],
		[143, "LED7_3", -2878.42, -2793.63, "T", "SMD", "GND", "GND", "R", 59.05, 39.37, 0, 180],
		[144, "LED7_4", -2878.42, -2911.73, "T", "SMD", "$1N36565", "", "R", 59.05, 39.37, 0, 180],
		[145, "LED8_1", -2681.58, -3246.37, "T", "SMD", "5V", "", "R", 59.05, 39.37, 0, 180],
		[146, "LED8_2", -2681.58, -3128.27, "T", "SMD", "$1N36697", "", "R", 59.05, 39.37, 0, 180],
		[147, "LED8_3", -2878.42, -3128.27, "T", "SMD", "GND", "GND", "R", 59.05, 39.37, 0, 180],
		[148, "LED8_4", -2878.42, -3246.37, "T", "SMD", "$1N36631", "", "R", 59.05, 39.37, 0, 180],
		[149, "LED9_1", -2681.58, -3581.02, "T", "SMD", "5V", "", "R", 59.05, 39.37, 0, 180],
		[150, "LED9_2", -2681.58, -3462.92, "T", "SMD", "LED9_2", "", "R", 59.05, 39.37, 0, 180],
		[151, "LED9_3", -2878.42, -3462.92, "T", "SMD", "GND", "GND", "R", 59.05, 39.37, 0, 180],
		[152, "LED9_4", -2878.42, -3581.02, "T", "SMD", "$1N36697", "", "R", 59.05, 39.37, 0, 180],
		[153, "Q3_1", -383.63, -2507.4, "B", "SMD", "$1N18088", "", "R", 42.13, 23.62, 0, 180],
		[154, "Q3_2", -383.63, -2432.6, "B", "SMD", "5V", "", "R", 42.13, 23.62, 0, 180],
		[155, "Q3_3", -286.38, -2470, "B", "SMD", "$1N18033", "", "R", 42.13, 23.62, 0, 180],
		[156, "Q4_1", -1553.99, -2382.4, "B", "SMD", "$1N16688", "", "R", 42.13, 20.95, 0, 180],
		[157, "Q4_2", -1553.99, -2307.6, "B", "SMD", "GND", "GND", "R", 42.13, 20.95, 0, 180],
		[158, "Q4_3", -1476.01, -2345, "B", "SMD", "$1N16699", "", "R", 42.13, 20.95, 0, 180],
		[159, "R4_1", -135, -4069.66, "T", "SMD", "BOOT1", "", "R", 31.75, 34.02, 0, 90],
		[160, "R4_2", -135, -4010.34, "T", "SMD", "GND", "GND", "R", 31.75, 34.02, 0, 90],
		[161, "R5_1", -200, -4069.66, "T", "SMD", "BOOT0", "", "R", 31.75, 34.02, 0, 90],
		[162, "R5_2", -200, -4010.34, "T", "SMD", "GND", "GND", "R", 31.75, 34.02, 0, 90],
		[163, "R6_1", 40.34, -4405, "T", "SMD", "RST", "", "R", 31.75, 34.02, 0, 0],
		[164, "R6_2", 99.66, -4405, "T", "SMD", "VDD", "", "R", 31.75, 34.02, 0, 0],
		[165, "R7_1", -2145, -3774.66, "B", "SMD", "$1N2951", "", "R", 31.75, 34.02, 0, 90],
		[166, "R7_2", -2145, -3715.34, "B", "SMD", "GND", "GND", "R", 31.75, 34.02, 0, 90],
		[167, "R8_1", -2145, -3894.66, "B", "SMD", "VDD", "", "R", 31.75, 34.02, 0, 90],
		[168, "R8_2", -2145, -3835.34, "B", "SMD", "$1N2951", "", "R", 31.75, 34.02, 0, 90],
		[169, "R10_1", -1337.5, -2532.16, "B", "SMD", "$1N16894", "", "R", 31.75, 34.02, 0, 90],
		[170, "R10_2", -1337.5, -2472.84, "B", "SMD", "VDD", "", "R", 31.75, 34.02, 0, 90],
		[171, "R11_1", -1337.82, -2650.41, "B", "SMD", "GND", "GND", "R", 31.75, 34.02, 0, 90],
		[172, "R11_2", -1337.82, -2591.09, "B", "SMD", "$1N16894", "", "R", 31.75, 34.02, 0, 90],
		[173, "R12_1", -1394.66, -2345, "B", "SMD", "$1N16699", "", "R", 31.75, 34.02, 0, 0],
		[174, "R12_2", -1335.34, -2345, "B", "SMD", "$1N16689", "", "R", 31.75, 34.02, 0, 0],
		[175, "R13_1", -1495.34, -2445, "B", "SMD", "VDD", "", "R", 31.75, 34.02, 0, 180],
		[176, "R13_2", -1554.66, -2445, "B", "SMD", "$1N16688", "", "R", 31.75, 34.02, 0, 180],
		[177, "R14_1", -1495.34, -2510, "B", "SMD", "BLK", "", "R", 31.75, 34.02, 0, 180],
		[178, "R14_2", -1554.66, -2510, "B", "SMD", "$1N16688", "", "R", 31.75, 34.02, 0, 180],
		[179, "R15_1", -1875.34, -3940, "T", "SMD", "GND", "GND", "R", 31.75, 34.02, 0, 180],
		[180, "R15_2", -1934.66, -3940, "T", "SMD", "$1N17448", "", "R", 31.75, 34.02, 0, 180],
		[181, "R16_1", -1420.34, -3925, "T", "SMD", "GND", "GND", "R", 31.75, 34.02, 0, 180],
		[182, "R16_2", -1479.66, -3925, "T", "SMD", "$1N17624", "", "R", 31.75, 34.02, 0, 180],
		[183, "R17_1", -525.34, -3510, "T", "SMD", "GND", "GND", "R", 31.75, 34.02, 0, 180],
		[184, "R17_2", -584.66, -3510, "T", "SMD", "$1N17748", "", "R", 31.75, 34.02, 0, 180],
		[185, "R18_1", -944.66, -4205, "T", "SMD", "GND", "GND", "R", 31.75, 34.02, 0, 0],
		[186, "R18_2", -885.34, -4205, "T", "SMD", "$1N17872", "", "R", 31.75, 34.02, 0, 0],
		[187, "R19_1", -455.34, -2430, "B", "SMD", "5V", "", "R", 31.75, 34.02, 0, 180],
		[188, "R19_2", -514.66, -2430, "B", "SMD", "$1N18088", "", "R", 31.75, 34.02, 0, 180],
		[189, "R21_1", -2899.66, -4380, "T", "SMD", "GND", "GND", "R", 31.75, 34.02, 0, 0],
		[190, "R21_2", -2840.34, -4380, "T", "SMD", "$1N18769", "", "R", 31.75, 34.02, 0, 0],
		[191, "R22_1", -455.34, -2505, "B", "SMD", "BUZZ", "", "R", 31.75, 34.02, 0, 180],
		[192, "R22_2", -514.66, -2505, "B", "SMD", "$1N18088", "", "R", 31.75, 34.02, 0, 180],
		[193, "R27_1", -2545, -3894.66, "B", "SMD", "5V", "", "R", 31.75, 34.02, 0, 90],
		[194, "R27_2", -2545, -3835.34, "B", "SMD", "$1N32192", "", "R", 31.75, 34.02, 0, 90],
		[195, "R28_1", -2545, -3774.66, "B", "SMD", "$1N32192", "", "R", 31.75, 34.02, 0, 90],
		[196, "R28_2", -2545, -3715.34, "B", "SMD", "GND", "GND", "R", 31.75, 34.02, 0, 90],
		[197, "SW2_1", -190, -4470, "T", "SMD", "VDD", "", "R", 30, 60, 0, 0],
		[198, "SW2_2", -140, -4470, "T", "SMD", "VDD", "", "R", 30, 60, 0, 0],
		[199, "SW2_3", -140, -4170, "T", "SMD", "BOOT1", "", "R", 30, 60, 0, 0],
		[200, "SW2_4", -190, -4170, "T", "SMD", "BOOT0", "", "R", 30, 60, 0, 0],
		[201, "SW3_1", -21.02, -4305, "T", "SMD", "RST", "", "R", 48.42, 53.54, 0, 0],
		[202, "SW3_2", 151.02, -4305, "T", "SMD", "GND", "GND", "R", 48.42, 53.54, 0, 0],
		[203, "U1_1", -1067.76, -2938.78, "B", "SMD", "BUZZ", "", "O", 11.81, 62.99, 0, 270],
		[204, "U1_2", -1067.76, -2958.46, "B", "SMD", "U1_2", "", "O", 11.81, 62.99, 0, 270],
		[205, "U1_3", -1067.76, -2978.15, "B", "SMD", "U1_3", "", "O", 11.81, 62.99, 0, 270],
		[206, "U1_4", -1067.76, -2997.83, "B", "SMD", "WS2812B", "", "O", 11.81, 62.99, 0, 270],
		[207, "U1_5", -1067.76, -3017.52, "B", "SMD", "U1_5", "", "O", 11.81, 62.99, 0, 270],
		[208, "U1_6", -1067.76, -3037.2, "B", "SMD", "U1_6", "", "O", 11.81, 62.99, 0, 270],
		[209, "U1_7", -1067.76, -3056.89, "B", "SMD", "U1_7", "", "O", 11.81, 62.99, 0, 270],
		[210, "U1_8", -1067.76, -3076.57, "B", "SMD", "U1_8", "", "O", 11.81, 62.99, 0, 270],
		[211, "U1_9", -1067.76, -3096.26, "B", "SMD", "U1_9", "", "O", 11.81, 62.99, 0, 270],
		[212, "U1_10", -1067.76, -3115.94, "B", "SMD", "GND", "GND", "O", 11.81, 62.99, 0, 270],
		[213, "U1_11", -1067.76, -3135.63, "B", "SMD", "VDD", "", "O", 11.81, 62.99, 0, 270],
		[214, "U1_12", -1067.76, -3155.32, "B", "SMD", "8M_OUT", "", "O", 11.81, 62.99, 0, 270],
		[215, "U1_13", -1067.76, -3175, "B", "SMD", "8M_IN", "", "O", 11.81, 62.99, 0, 270],
		[216, "U1_14", -1067.76, -3194.69, "B", "SMD", "RST", "", "O", 11.81, 62.99, 0, 270],
		[217, "U1_15", -1067.76, -3214.37, "B", "SMD", "U1_15", "", "O", 11.81, 62.99, 0, 270],
		[218, "U1_16", -1067.76, -3234.06, "B", "SMD", "U1_16", "", "O", 11.81, 62.99, 0, 270],
		[219, "U1_17", -1067.76, -3253.74, "B", "SMD", "KEY3", "", "O", 11.81, 62.99, 0, 270],
		[220, "U1_18", -1067.76, -3273.43, "B", "SMD", "KEY4", "", "O", 11.81, 62.99, 0, 270],
		[221, "U1_19", -1067.76, -3293.11, "B", "SMD", "VDD", "", "O", 11.81, 62.99, 0, 270],
		[222, "U1_20", -1067.76, -3312.8, "B", "SMD", "GND", "GND", "O", 11.81, 62.99, 0, 270],
		[223, "U1_21", -1067.76, -3332.48, "B", "SMD", "VDD", "", "O", 11.81, 62.99, 0, 270],
		[224, "U1_22", -1067.76, -3352.17, "B", "SMD", "VDD", "", "O", 11.81, 62.99, 0, 270],
		[225, "U1_23", -1067.76, -3371.85, "B", "SMD", "PWMA", "", "O", 11.81, 62.99, 0, 270],
		[226, "U1_24", -1067.76, -3391.54, "B", "SMD", "AIN2", "", "O", 11.81, 62.99, 0, 270],
		[227, "U1_25", -1067.76, -3411.22, "B", "SMD", "AIN1", "", "O", 11.81, 62.99, 0, 270],
		[228, "U1_26", -1128.78, -3472.24, "B", "SMD", "U1_26", "", "O", 62.99, 11.81, 0, 270],
		[229, "U1_27", -1148.46, -3472.24, "B", "SMD", "GND", "GND", "O", 62.99, 11.81, 0, 270],
		[230, "U1_28", -1168.15, -3472.24, "B", "SMD", "VDD", "", "O", 62.99, 11.81, 0, 270],
		[231, "U1_29", -1187.83, -3472.24, "B", "SMD", "U1_29", "", "O", 62.99, 11.81, 0, 270],
		[232, "U1_30", -1207.52, -3472.24, "B", "SMD", "CLK", "", "O", 62.99, 11.81, 0, 270],
		[233, "U1_31", -1227.2, -3472.24, "B", "SMD", "MISO", "", "O", 62.99, 11.81, 0, 270],
		[234, "U1_32", -1246.89, -3472.24, "B", "SMD", "MOSI", "", "O", 62.99, 11.81, 0, 270],
		[235, "U1_33", -1266.57, -3472.24, "B", "SMD", "CS", "", "O", 62.99, 11.81, 0, 270],
		[236, "U1_34", -1286.26, -3472.24, "B", "SMD", "U1_34", "", "O", 62.99, 11.81, 0, 270],
		[237, "U1_35", -1305.94, -3472.24, "B", "SMD", "U1_35", "", "O", 62.99, 11.81, 0, 270],
		[238, "U1_36", -1325.63, -3472.24, "B", "SMD", "U1_36", "", "O", 62.99, 11.81, 0, 270],
		[239, "U1_37", -1345.32, -3472.24, "B", "SMD", "BOOT1", "", "O", 62.99, 11.81, 0, 270],
		[240, "U1_38", -1365, -3472.24, "B", "SMD", "BIN1", "", "O", 62.99, 11.81, 0, 270],
		[241, "U1_39", -1384.69, -3472.24, "B", "SMD", "BIN2", "", "O", 62.99, 11.81, 0, 270],
		[242, "U1_40", -1404.37, -3472.24, "B", "SMD", "PWMB", "", "O", 62.99, 11.81, 0, 270],
		[243, "U1_41", -1424.06, -3472.24, "B", "SMD", "U1_41", "", "O", 62.99, 11.81, 0, 270],
		[244, "U1_42", -1443.74, -3472.24, "B", "SMD", "U1_42", "", "O", 62.99, 11.81, 0, 270],
		[245, "U1_43", -1463.43, -3472.24, "B", "SMD", "U1_43", "", "O", 62.99, 11.81, 0, 270],
		[246, "U1_44", -1483.11, -3472.24, "B", "SMD", "U1_44", "", "O", 62.99, 11.81, 0, 270],
		[247, "U1_45", -1502.8, -3472.24, "B", "SMD", "U1_45", "", "O", 62.99, 11.81, 0, 270],
		[248, "U1_46", -1522.48, -3472.24, "B", "SMD", "U1_46", "", "O", 62.99, 11.81, 0, 270],
		[249, "U1_47", -1542.17, -3472.24, "B", "SMD", "U1_47", "", "O", 62.99, 11.81, 0, 270],
		[250, "U1_48", -1561.85, -3472.24, "B", "SMD", "U1_48", "", "O", 62.99, 11.81, 0, 270],
		[251, "U1_49", -1581.54, -3472.24, "B", "SMD", "VCAP_1", "", "O", 62.99, 11.81, 0, 270],
		[252, "U1_50", -1601.22, -3472.24, "B", "SMD", "VDD", "", "O", 62.99, 11.81, 0, 270],
		[253, "U1_51", -1662.24, -3411.22, "B", "SMD", "KEY2", "", "O", 11.81, 62.99, 0, 270],
		[254, "U1_52", -1662.24, -3391.54, "B", "SMD", "KEY1", "", "O", 11.81, 62.99, 0, 270],
		[255, "U1_53", -1662.24, -3371.85, "B", "SMD", "U1_53", "", "O", 11.81, 62.99, 0, 270],
		[256, "U1_54", -1662.24, -3352.17, "B", "SMD", "U1_54", "", "O", 11.81, 62.99, 0, 270],
		[257, "U1_55", -1662.24, -3332.48, "B", "SMD", "U1_55", "", "O", 11.81, 62.99, 0, 270],
		[258, "U1_56", -1662.24, -3312.8, "B", "SMD", "U1_56", "", "O", 11.81, 62.99, 0, 270],
		[259, "U1_57", -1662.24, -3293.11, "B", "SMD", "U1_57", "", "O", 11.81, 62.99, 0, 270],
		[260, "U1_58", -1662.24, -3273.43, "B", "SMD", "U1_58", "", "O", 11.81, 62.99, 0, 270],
		[261, "U1_59", -1662.24, -3253.74, "B", "SMD", "E2B", "", "O", 11.81, 62.99, 0, 270],
		[262, "U1_60", -1662.24, -3234.06, "B", "SMD", "E2A", "", "O", 11.81, 62.99, 0, 270],
		[263, "U1_61", -1662.24, -3214.37, "B", "SMD", "U1_61", "", "O", 11.81, 62.99, 0, 270],
		[264, "U1_62", -1662.24, -3194.69, "B", "SMD", "U1_62", "", "O", 11.81, 62.99, 0, 270],
		[265, "U1_63", -1662.24, -3175, "B", "SMD", "E1B", "", "O", 11.81, 62.99, 0, 270],
		[266, "U1_64", -1662.24, -3155.32, "B", "SMD", "E1A", "", "O", 11.81, 62.99, 0, 270],
		[267, "U1_65", -1662.24, -3135.63, "B", "SMD", "WC#", "", "O", 11.81, 62.99, 0, 270],
		[268, "U1_66", -1662.24, -3115.94, "B", "SMD", "SDA", "", "O", 11.81, 62.99, 0, 270],
		[269, "U1_67", -1662.24, -3096.26, "B", "SMD", "SCL", "", "O", 11.81, 62.99, 0, 270],
		[270, "U1_68", -1662.24, -3076.57, "B", "SMD", "MCU_TX", "", "O", 11.81, 62.99, 0, 270],
		[271, "U1_69", -1662.24, -3056.89, "B", "SMD", "MCU_RX", "", "O", 11.81, 62.99, 0, 270],
		[272, "U1_70", -1662.24, -3037.2, "B", "SMD", "U1_70", "", "O", 11.81, 62.99, 0, 270],
		[273, "U1_71", -1662.24, -3017.52, "B", "SMD", "U1_71", "", "O", 11.81, 62.99, 0, 270],
		[274, "U1_72", -1662.24, -2997.83, "B", "SMD", "SWDIO", "", "O", 11.81, 62.99, 0, 270],
		[275, "U1_73", -1662.24, -2978.15, "B", "SMD", "VCAP_2", "", "O", 11.81, 62.99, 0, 270],
		[276, "U1_74", -1662.24, -2958.46, "B", "SMD", "GND", "GND", "O", 11.81, 62.99, 0, 270],
		[277, "U1_75", -1662.24, -2938.78, "B", "SMD", "VDD", "", "O", 11.81, 62.99, 0, 270],
		[278, "U1_76", -1601.22, -2877.76, "B", "SMD", "SWCLK", "", "O", 62.99, 11.81, 0, 270],
		[279, "U1_77", -1581.54, -2877.76, "B", "SMD", "LCD_CS", "", "O", 62.99, 11.81, 0, 270],
		[280, "U1_78", -1561.85, -2877.76, "B", "SMD", "LCD_SCK", "", "O", 62.99, 11.81, 0, 270],
		[281, "U1_79", -1542.17, -2877.76, "B", "SMD", "DC", "", "O", 62.99, 11.81, 0, 270],
		[282, "U1_80", -1522.48, -2877.76, "B", "SMD", "LCD_MOSI", "", "O", 62.99, 11.81, 0, 270],
		[283, "U1_81", -1502.8, -2877.76, "B", "SMD", "U1_81", "", "O", 62.99, 11.81, 0, 270],
		[284, "U1_82", -1483.11, -2877.76, "B", "SMD", "U1_82", "", "O", 62.99, 11.81, 0, 270],
		[285, "U1_83", -1463.43, -2877.76, "B", "SMD", "U1_83", "", "O", 62.99, 11.81, 0, 270],
		[286, "U1_84", -1443.74, -2877.76, "B", "SMD", "U1_84", "", "O", 62.99, 11.81, 0, 270],
		[287, "U1_85", -1424.06, -2877.76, "B", "SMD", "U1_85", "", "O", 62.99, 11.81, 0, 270],
		[288, "U1_86", -1404.37, -2877.76, "B", "SMD", "U1_86", "", "O", 62.99, 11.81, 0, 270],
		[289, "U1_87", -1384.69, -2877.76, "B", "SMD", "U1_87", "", "O", 62.99, 11.81, 0, 270],
		[290, "U1_88", -1365, -2877.76, "B", "SMD", "U1_88", "", "O", 62.99, 11.81, 0, 270],
		[291, "U1_89", -1345.32, -2877.76, "B", "SMD", "U1_89", "", "O", 62.99, 11.81, 0, 270],
		[292, "U1_90", -1325.63, -2877.76, "B", "SMD", "U1_90", "", "O", 62.99, 11.81, 0, 270],
		[293, "U1_91", -1305.94, -2877.76, "B", "SMD", "BLK", "", "O", 62.99, 11.81, 0, 270],
		[294, "U1_92", -1286.26, -2877.76, "B", "SMD", "U1_92", "", "O", 62.99, 11.81, 0, 270],
		[295, "U1_93", -1266.57, -2877.76, "B", "SMD", "U1_93", "", "O", 62.99, 11.81, 0, 270],
		[296, "U1_94", -1246.89, -2877.76, "B", "SMD", "BOOT0", "", "O", 62.99, 11.81, 0, 270],
		[297, "U1_95", -1227.2, -2877.76, "B", "SMD", "U1_95", "", "O", 62.99, 11.81, 0, 270],
		[298, "U1_96", -1207.52, -2877.76, "B", "SMD", "U1_96", "", "O", 62.99, 11.81, 0, 270],
		[299, "U1_97", -1187.83, -2877.76, "B", "SMD", "U1_97", "", "O", 62.99, 11.81, 0, 270],
		[300, "U1_98", -1168.15, -2877.76, "B", "SMD", "U1_98", "", "O", 62.99, 11.81, 0, 270],
		[301, "U1_99", -1148.46, -2877.76, "B", "SMD", "GND", "GND", "O", 62.99, 11.81, 0, 270],
		[302, "U1_100", -1128.78, -2877.76, "B", "SMD", "VDD", "", "O", 62.99, 11.81, 0, 270],
		[303, "U2_1", -1910.71, -3751.61, "B", "SMD", "12.6V", "", "R", 25.59, 17.72, 0, 180],
		[304, "U2_2", -1910.71, -3777.2, "B", "SMD", "12.6V", "", "R", 25.59, 17.72, 0, 180],
		[305, "U2_3", -1910.71, -3802.8, "B", "SMD", "GND", "GND", "R", 25.59, 17.72, 0, 180],
		[306, "U2_4", -1910.71, -3828.39, "B", "SMD", "VDD", "", "R", 25.59, 17.72, 0, 180],
		[307, "U2_5", -1999.29, -3828.39, "B", "SMD", "VDD", "", "R", 25.59, 17.72, 0, 180],
		[308, "U2_6", -1999.29, -3802.8, "B", "SMD", "$1N2951", "", "R", 25.59, 17.72, 0, 180],
		[309, "U2_7", -1999.29, -3777.2, "B", "SMD", "U2_7", "", "R", 25.59, 17.72, 0, 180],
		[310, "U2_8", -1999.29, -3751.61, "B", "SMD", "$1N2697", "", "R", 25.59, 17.72, 0, 180],
		[311, "U2_9", -1955, -3790.01, "B", "SMD", "GND", "GND", "R", 74.8, 43.31, 0, 90],
		[312, "U3_1", -1224.25, -3982.44, "B", "SMD", "AO1", "", "O", 14.33, 81.97, 0, 180],
		[313, "U3_2", -1249.84, -3982.44, "B", "SMD", "AO1", "", "O", 14.33, 81.97, 0, 180],
		[314, "U3_3", -1275.43, -3982.44, "B", "SMD", "GND", "GND", "O", 14.33, 81.97, 0, 180],
		[315, "U3_4", -1301.02, -3982.44, "B", "SMD", "GND", "GND", "O", 14.33, 81.97, 0, 180],
		[316, "U3_5", -1326.61, -3982.44, "B", "SMD", "AO2", "", "O", 14.33, 81.97, 0, 180],
		[317, "U3_6", -1352.21, -3982.44, "B", "SMD", "AO2", "", "O", 14.33, 81.97, 0, 180],
		[318, "U3_7", -1377.8, -3982.44, "B", "SMD", "BO2", "", "O", 14.33, 81.97, 0, 180],
		[319, "U3_8", -1403.39, -3982.44, "B", "SMD", "BO2", "", "O", 14.33, 81.97, 0, 180],
		[320, "U3_9", -1428.98, -3982.44, "B", "SMD", "GND", "GND", "O", 14.33, 81.97, 0, 180],
		[321, "U3_10", -1454.57, -3982.44, "B", "SMD", "GND", "GND", "O", 14.33, 81.97, 0, 180],
		[322, "U3_11", -1480.16, -3982.44, "B", "SMD", "BO1", "", "O", 14.33, 81.97, 0, 180],
		[323, "U3_12", -1505.75, -3982.44, "B", "SMD", "BO1", "", "O", 14.33, 81.97, 0, 180],
		[324, "U3_13", -1505.75, -3707.56, "B", "SMD", "12.6V", "", "O", 14.33, 81.97, 0, 180],
		[325, "U3_14", -1480.16, -3707.56, "B", "SMD", "12.6V", "", "O", 14.33, 81.97, 0, 180],
		[326, "U3_15", -1454.57, -3707.56, "B", "SMD", "PWMB", "", "O", 14.33, 81.97, 0, 180],
		[327, "U3_16", -1428.98, -3707.56, "B", "SMD", "BIN2", "", "O", 14.33, 81.97, 0, 180],
		[328, "U3_17", -1403.39, -3707.56, "B", "SMD", "BIN1", "", "O", 14.33, 81.97, 0, 180],
		[329, "U3_18", -1377.8, -3707.56, "B", "SMD", "GND", "GND", "O", 14.33, 81.97, 0, 180],
		[330, "U3_19", -1352.21, -3707.56, "B", "SMD", "VDD", "", "O", 14.33, 81.97, 0, 180],
		[331, "U3_20", -1326.61, -3707.56, "B", "SMD", "VDD", "", "O", 14.33, 81.97, 0, 180],
		[332, "U3_21", -1301.02, -3707.56, "B", "SMD", "AIN1", "", "O", 14.33, 81.97, 0, 180],
		[333, "U3_22", -1275.43, -3707.56, "B", "SMD", "AIN2", "", "O", 14.33, 81.97, 0, 180],
		[334, "U3_23", -1249.84, -3707.56, "B", "SMD", "PWMA", "", "O", 14.33, 81.97, 0, 180],
		[335, "U3_24", -1224.25, -3707.56, "B", "SMD", "12.6V", "", "O", 14.33, 81.97, 0, 180],
		[336, "U4_1", -685.31, -3800.47, "B", "SMD", "MISO", "", "R", 26.57, 11.02, 0, 180],
		[337, "U4_2", -685.31, -3820.16, "B", "SMD", "U4_2", "", "R", 26.57, 11.02, 0, 180],
		[338, "U4_3", -685.31, -3839.84, "B", "SMD", "U4_3", "", "R", 26.57, 11.02, 0, 180],
		[339, "U4_4", -685.31, -3859.53, "B", "SMD", "U4_4", "", "R", 26.57, 11.02, 0, 180],
		[340, "U4_5", -715.31, -3869.86, "B", "SMD", "VDD", "", "R", 11.02, 26.57, 0, 180],
		[341, "U4_6", -735, -3869.86, "B", "SMD", "GND", "GND", "R", 11.02, 26.57, 0, 180],
		[342, "U4_7", -754.69, -3869.86, "B", "SMD", "GND", "GND", "R", 11.02, 26.57, 0, 180],
		[343, "U4_8", -784.69, -3859.53, "B", "SMD", "VDD", "", "R", 26.57, 11.02, 0, 180],
		[344, "U4_9", -784.69, -3839.84, "B", "SMD", "U4_9", "", "R", 26.57, 11.02, 0, 180],
		[345, "U4_10", -784.69, -3820.16, "B", "SMD", "U4_10", "", "R", 26.57, 11.02, 0, 180],
		[346, "U4_11", -784.69, -3800.47, "B", "SMD", "GND", "GND", "R", 26.57, 11.02, 0, 180],
		[347, "U4_12", -754.69, -3790.14, "B", "SMD", "CS", "", "R", 11.02, 26.57, 0, 180],
		[348, "U4_13", -735, -3790.14, "B", "SMD", "CLK", "", "R", 11.02, 26.57, 0, 180],
		[349, "U4_14", -715.31, -3790.14, "B", "SMD", "MOSI", "", "R", 11.02, 26.57, 0, 180],
		[350, "U6_1", 143.23, -4525.26, "T", "SMD", "GND", "GND", "P", 88.58, 88.58, 0, 0],
		[351, "U6_1", 143.23, -4638.87, "T", "SMD", "GND", "GND", "P", 88.58, 88.58, 0, 0],
		[352, "U6_1", 46.77, -4525.26, "T", "SMD", "GND", "GND", "P", 88.58, 88.58, 0, 0],
		[353, "U6_1", 46.77, -4638.85, "T", "SMD", "GND", "GND", "P", 88.58, 88.58, 0, 0],
		[354, "U7_1", -2772.11, -4525.26, "T", "SMD", "GND", "GND", "P", 88.58, 88.58, 0, 0],
		[355, "U7_1", -2772.11, -4638.87, "T", "SMD", "GND", "GND", "P", 88.58, 88.58, 0, 0],
		[356, "U7_1", -2868.57, -4525.26, "T", "SMD", "GND", "GND", "P", 88.58, 88.58, 0, 0],
		[357, "U7_1", -2868.57, -4638.85, "T", "SMD", "GND", "GND", "P", 88.58, 88.58, 0, 0],
		[358, "U8_1", 141.28, -2163.2, "T", "SMD", "GND", "GND", "P", 88.58, 88.58, 0, 0],
		[359, "U8_1", 141.28, -2276.8, "T", "SMD", "GND", "GND", "P", 88.58, 88.58, 0, 0],
		[360, "U8_1", 44.82, -2163.2, "T", "SMD", "GND", "GND", "P", 88.58, 88.58, 0, 0],
		[361, "U8_1", 44.82, -2276.78, "T", "SMD", "GND", "GND", "P", 88.58, 88.58, 0, 0],
		[362, "U9_1", -2772.11, -2163.05, "T", "SMD", "GND", "GND", "P", 88.58, 88.58, 0, 0],
		[363, "U9_1", -2772.11, -2276.66, "T", "SMD", "GND", "GND", "P", 88.58, 88.58, 0, 0],
		[364, "U9_1", -2868.57, -2163.05, "T", "SMD", "GND", "GND", "P", 88.58, 88.58, 0, 0],
		[365, "U9_1", -2868.57, -2276.64, "T", "SMD", "GND", "GND", "P", 88.58, 88.58, 0, 0],
		[366, "U11_1", -1126, -2348, "B", "SMD", "GND", "GND", "P", 196.82, 13.78, 0, 90],
		[367, "U11_2", -1126, -2376, "B", "SMD", "$1N16689", "", "P", 196.82, 13.78, 0, 90],
		[368, "U11_3", -1126, -2404, "B", "SMD", "VDD", "", "P", 196.82, 13.78, 0, 90],
		[369, "U11_4", -1126, -2432, "B", "SMD", "VDD", "", "P", 196.82, 13.78, 0, 90],
		[370, "U11_5", -1126, -2460, "B", "SMD", "GND", "GND", "P", 196.82, 13.78, 0, 90],
		[371, "U11_6", -1126, -2488, "B", "SMD", "GND", "GND", "P", 196.82, 13.78, 0, 90],
		[372, "U11_7", -1126, -2516, "B", "SMD", "DC", "", "P", 196.82, 13.78, 0, 90],
		[373, "U11_8", -1126, -2544, "B", "SMD", "LCD_CS", "", "P", 196.82, 13.78, 0, 90],
		[374, "U11_9", -1126, -2572, "B", "SMD", "LCD_SCK", "", "P", 196.82, 13.78, 0, 90],
		[375, "U11_10", -1126, -2600, "B", "SMD", "LCD_MOSI", "", "P", 196.82, 13.78, 0, 90],
		[376, "U11_11", -1126, -2628, "B", "SMD", "$1N16894", "", "P", 196.82, 13.78, 0, 90],
		[377, "U11_12", -1126, -2656, "B", "SMD", "GND", "GND", "P", 196.82, 13.78, 0, 90],
		[378, "U11_999", -770, -2550, "T", "DIP", "U11_", "", "O", 31.5, 748.03, 748.03, 180],
		[379, "U11_999", -770, -2550, "B", "DIP", "U11_", "", "O", 31.5, 748.03, 748.03, 180],
		[380, "U12_1", -2095.69, -3725, "T", "SMD", "KEY1", "", "R", 78.15, 59.53, 0, 0],
		[381, "U12_2", -1844.31, -3725, "T", "SMD", "$1N17448", "", "R", 78.15, 59.53, 0, 0],
		[382, "U13_1", -1650.69, -3725, "T", "SMD", "KEY2", "", "R", 78.15, 59.53, 0, 0],
		[383, "U13_2", -1399.31, -3725, "T", "SMD", "$1N17624", "", "R", 78.15, 59.53, 0, 0],
		[384, "U14_1", -1045.69, -3510, "T", "SMD", "KEY3", "", "R", 78.15, 59.53, 0, 0],
		[385, "U14_2", -794.31, -3510, "T", "SMD", "$1N17748", "", "R", 78.15, 59.53, 0, 0],
		[386, "U15_1", -1045.69, -3955, "T", "SMD", "KEY4", "", "R", 78.15, 59.53, 0, 0],
		[387, "U15_2", -794.31, -3955, "T", "SMD", "$1N17872", "", "R", 78.15, 59.53, 0, 0],
		[388, "U16_1", -2770, -4188.97, "T", "DIP", "U16_1", "", "O", 66.93, 114.17, 90.55, 90],
		[389, "U16_1", -2770, -4188.97, "B", "DIP", "U16_1", "", "O", 66.93, 114.17, 90.55, 90],
		[390, "U16_2", -2770, -3999.99, "T", "DIP", "12.6V_IN", "", "O", 66.93, 114.17, 90.55, 90],
		[391, "U16_2", -2770, -3999.99, "B", "DIP", "12.6V_IN", "", "O", 66.93, 114.17, 90.55, 90],
		[392, "U16_3", -2770, -3811.03, "T", "DIP", "12.6V", "", "O", 66.93, 114.17, 90.55, 90],
		[393, "U16_3", -2770, -3811.03, "B", "DIP", "12.6V", "", "O", 66.93, 114.17, 90.55, 90],
		[394, "U17_1", -2279.15, -3240, "B", "SMD", "GND", "GND", "O", 23.15, 80.51, 0, 90],
		[395, "U17_2", -2279.15, -3190, "B", "SMD", "GND", "GND", "O", 23.15, 80.51, 0, 90],
		[396, "U17_3", -2279.15, -3140, "B", "SMD", "GND", "GND", "O", 23.15, 80.51, 0, 90],
		[397, "U17_4", -2279.15, -3090, "B", "SMD", "GND", "GND", "O", 23.15, 80.51, 0, 90],
		[398, "U17_5", -2060.85, -3090, "B", "SMD", "SDA", "", "O", 23.15, 80.51, 0, 90],
		[399, "U17_6", -2060.85, -3140, "B", "SMD", "SCL", "", "O", 23.15, 80.51, 0, 90],
		[400, "U17_7", -2060.85, -3190, "B", "SMD", "WC#", "", "O", 23.15, 80.51, 0, 90],
		[401, "U17_8", -2060.85, -3240, "B", "SMD", "VDD", "", "O", 23.15, 80.51, 0, 90],
		[402, "U18_1", -2305.7, -3751.61, "B", "SMD", "12.6V", "", "R", 25.59, 17.72, 0, 180],
		[403, "U18_2", -2305.7, -3777.2, "B", "SMD", "12.6V", "", "R", 25.59, 17.72, 0, 180],
		[404, "U18_3", -2305.7, -3802.8, "B", "SMD", "GND", "GND", "R", 25.59, 17.72, 0, 180],
		[405, "U18_4", -2305.7, -3828.39, "B", "SMD", "5V", "", "R", 25.59, 17.72, 0, 180],
		[406, "U18_5", -2394.3, -3828.39, "B", "SMD", "5V", "", "R", 25.59, 17.72, 0, 180],
		[407, "U18_6", -2394.3, -3802.8, "B", "SMD", "$1N32192", "", "R", 25.59, 17.72, 0, 180],
		[408, "U18_7", -2394.3, -3777.2, "B", "SMD", "U18_7", "", "R", 25.59, 17.72, 0, 180],
		[409, "U18_8", -2394.3, -3751.61, "B", "SMD", "$1N32190", "", "R", 25.59, 17.72, 0, 180],
		[410, "U18_9", -2350.01, -3790.01, "B", "SMD", "GND", "GND", "R", 74.8, 43.31, 0, 90],
		[411, "X1_1", -509.45, -3203.31, "B", "SMD", "8M_IN", "", "R", 55.12, 47.24, 0, 90],
		[412, "X1_2", -509.45, -3116.69, "B", "SMD", "GND", "GND", "R", 55.12, 47.24, 0, 90],
		[413, "X1_3", -440.55, -3116.69, "B", "SMD", "8M_OUT", "", "R", 55.12, 47.24, 0, 90],
		[414, "X1_4", -440.55, -3203.31, "B", "SMD", "GND", "GND", "R", 55.12, 47.24, 0, 90]
	]
}
}